code,event,finished,finished_provisional,id,kickoff_time,minutes,provisional_start_time,started,team_a,team_a_score,team_h,team_h_score,team_h_difficulty,team_a_difficulty,pulse_id
2367538,1,true,true,1,2023-08-11T19:00:00.000000000+0000,90,false,true,13,3,6,0,5,2,93321
2367540,1,true,true,2,2023-08-12T12:00:00.000000000+0000,90,false,true,16,1,1,2,2,5,93322
2367539,1,true,true,3,2023-08-12T14:00:00.000000000+0000,90,false,true,19,1,3,1,2,2,93323
2367541,1,true,true,4,2023-08-12T14:00:00.000000000+0000,90,false,true,12,1,5,4,2,3,93324
2367542,1,true,true,5,2023-08-12T14:00:00.000000000+0000,90,false,true,10,1,9,0,2,2,93325
2367544,1,true,true,7,2023-08-12T14:00:00.000000000+0000,90,false,true,8,1,17,0,2,2,93327
2367543,1,true,true,6,2023-08-12T16:30:00.000000000+0000,90,false,true,2,1,15,5,3,4,93326
2367545,1,true,true,8,2023-08-13T13:00:00.000000000+0000,90,false,true,18,2,4,2,3,2,93328
2367546,1,true,true,9,2023-08-13T15:30:00.000000000+0000,90,false,true,11,1,7,1,4,3,93329
2367547,1,true,true,10,2023-08-14T19:00:00.000000000+0000,90,false,true,20,0,14,1,2,4,93330
2367554,2,true,true,17,2023-08-18T18:45:00.000000000+0000,90,false,true,17,1,16,2,2,2,93337
2367550,2,true,true,13,2023-08-19T14:00:00.000000000+0000,90,false,true,4,3,10,0,2,3,93333
2367551,2,true,true,14,2023-08-19T14:00:00.000000000+0000,90,false,true,3,1,11,3,2,5,93334
2367557,2,true,true,20,2023-08-19T14:00:00.000000000+0000,90,false,true,5,4,20,1,2,2,93340
2367555,2,true,true,18,2023-08-19T16:30:00.000000000+0000,90,false,true,14,0,18,2,3,4,93338
2367553,2,true,true,16,2023-08-19T19:00:00.000000000+0000,90,false,true,15,0,13,1,3,5,93336
2367548,2,true,true,11,2023-08-20T13:00:00.000000000+0000,90,false,true,9,0,2,4,2,4,93331
2367556,2,true,true,19,2023-08-20T15:30:00.000000000+0000,90,false,true,7,1,19,3,3,3,93339
2367549,2,true,true,12,2023-08-21T19:00:00.000000000+0000,90,false,true,1,1,8,0,5,2,93332
2367563,3,true,true,26,2023-08-25T19:00:00.000000000+0000,90,false,true,12,0,7,3,2,3,93346
2367558,3,true,true,22,2023-08-26T11:30:00.000000000+0000,90,false,true,18,2,3,0,3,2,93342
2367559,3,true,true,21,2023-08-26T14:00:00.000000000+0000,90,false,true,10,2,1,2,2,5,93341
2367560,3,true,true,23,2023-08-26T14:00:00.000000000+0000,90,false,true,8,1,4,1,2,2,93343
2367564,3,true,true,27,2023-08-26T14:00:00.000000000+0000,90,false,true,20,1,9,0,2,2,93347
2367565,3,true,true,28,2023-08-26T14:00:00.000000000+0000,90,false,true,16,2,14,3,2,4,93348
2367561,3,true,true,24,2023-08-26T16:30:00.000000000+0000,90,false,true,19,3,5,1,2,3,93344
2367562,3,true,true,25,2023-08-27T13:00:00.000000000+0000,90,false,true,2,3,6,1,3,2,93345
2367567,3,true,true,30,2023-08-27T13:00:00.000000000+0000,90,false,true,13,2,17,1,5,2,93350
2367566,3,true,true,29,2023-08-27T15:30:00.000000000+0000,90,false,true,11,2,15,1,4,4,93349
2367575,4,true,true,38,2023-09-01T19:00:00.000000000+0000,90,false,true,19,2,12,1,2,2,93358
2367577,4,true,true,40,2023-09-02T11:30:00.000000000+0000,90,false,true,9,2,17,2,2,2,93360
2367569,4,true,true,32,2023-09-02T14:00:00.000000000+0000,90,false,true,3,2,4,2,2,2,93352
2367571,4,true,true,34,2023-09-02T14:00:00.000000000+0000,90,false,true,18,5,6,2,3,2,93354
2367572,4,true,true,35,2023-09-02T14:00:00.000000000+0000,90,false,true,16,1,7,0,2,3,93355
2367576,4,true,true,39,2023-09-02T14:00:00.000000000+0000,90,false,true,10,1,13,5,2,5,93359
2367570,4,true,true,33,2023-09-02T16:30:00.000000000+0000,90,false,true,15,1,5,3,3,3,93353
2367573,4,true,true,36,2023-09-03T13:00:00.000000000+0000,90,false,true,20,2,8,3,2,2,93356
2367574,4,true,true,37,2023-09-03T13:00:00.000000000+0000,90,false,true,2,0,11,3,3,5,93357
2367568,4,true,true,31,2023-09-03T15:30:00.000000000+0000,90,false,true,14,1,1,3,3,5,93351
2367587,5,true,true,50,2023-09-16T11:30:00.000000000+0000,90,false,true,11,3,20,1,4,2,93370
2367579,5,true,true,41,2023-09-16T14:00:00.000000000+0000,90,false,true,8,1,2,3,2,4,93361
2367581,5,true,true,44,2023-09-16T14:00:00.000000000+0000,90,false,true,12,0,10,1,2,3,93364
2367582,5,true,true,45,2023-09-16T14:00:00.000000000+0000,90,false,true,5,3,14,1,2,4,93365
2367585,5,true,true,48,2023-09-16T14:00:00.000000000+0000,90,false,true,17,1,18,2,2,4,93368
2367586,5,true,true,49,2023-09-16T14:00:00.000000000+0000,90,false,true,13,3,19,1,5,3,93369
2367583,5,true,true,46,2023-09-16T16:30:00.000000000+0000,90,false,true,4,0,15,1,2,4,93366
2367578,5,true,true,42,2023-09-17T13:00:00.000000000+0000,90,false,true,7,0,3,0,3,2,93362
2367580,5,true,true,43,2023-09-17T15:30:00.000000000+0000,90,false,true,1,1,9,0,5,2,93363
2367584,5,true,true,47,2023-09-18T18:45:00.000000000+0000,90,false,true,6,1,16,1,2,2,93367
2367593,6,true,true,56,2023-09-23T14:00:00.000000000+0000,90,false,true,10,0,8,0,2,2,93376
2367595,6,true,true,58,2023-09-23T14:00:00.000000000+0000,90,false,true,20,1,12,1,2,2,93378
2367596,6,true,true,59,2023-09-23T14:00:00.000000000+0000,90,false,true,16,0,13,2,2,5,93379
2367589,6,true,true,52,2023-09-23T16:30:00.000000000+0000,90,false,true,9,3,4,1,2,2,93372
2367591,6,true,true,54,2023-09-23T19:00:00.000000000+0000,90,false,true,14,1,6,0,3,2,93374
2367588,6,true,true,51,2023-09-24T13:00:00.000000000+0000,90,false,true,18,2,1,2,3,5,93371
2367590,6,true,true,53,2023-09-24T13:00:00.000000000+0000,90,false,true,3,1,5,3,2,3,93373
2367592,6,true,true,55,2023-09-24T13:00:00.000000000+0000,90,false,true,2,1,7,0,3,3,93375
2367594,6,true,true,57,2023-09-24T13:00:00.000000000+0000,90,false,true,19,1,11,3,2,5,93377
2367597,6,true,true,60,2023-09-24T15:30:00.000000000+0000,90,false,true,15,8,17,0,3,2,93380
2367599,7,true,true,61,2023-09-30T11:30:00.000000000+0000,90,false,true,5,1,2,6,2,4,93381
2367598,7,true,true,62,2023-09-30T14:00:00.000000000+0000,90,false,true,1,4,3,0,5,2,93382
2367600,7,true,true,63,2023-09-30T14:00:00.000000000+0000,90,false,true,12,2,9,1,2,2,93383
2367602,7,true,true,65,2023-09-30T14:00:00.000000000+0000,90,false,true,8,1,14,0,2,4,93385
2367603,7,true,true,66,2023-09-30T14:00:00.000000000+0000,90,false,true,6,0,15,2,2,4,93386
2367606,7,true,true,69,2023-09-30T14:00:00.000000000+0000,90,false,true,17,0,19,2,2,3,93389
2367607,7,true,true,70,2023-09-30T14:00:00.000000000+0000,90,false,true,13,1,20,2,5,2,93390
2367605,7,true,true,68,2023-09-30T16:30:00.000000000+0000,90,false,true,11,1,18,2,4,4,93388
2367604,7,true,true,67,2023-10-01T13:00:00.000000000+0000,90,false,true,4,1,16,1,2,2,93387
2367601,7,true,true,64,2023-10-02T19:00:00.000000000+0000,90,false,true,7,2,10,0,3,3,93384
2367552,7,true,true,15,2023-10-03T18:30:00.000000000+0000,90,false,true,6,2,12,1,2,2,93335
2367614,8,true,true,77,2023-10-07T11:30:00.000000000+0000,90,false,true,18,1,12,0,3,2,93397
2367610,8,true,true,73,2023-10-07T14:00:00.000000000+0000,90,false,true,7,4,6,1,3,2,93393
2367612,8,true,true,75,2023-10-07T14:00:00.000000000+0000,90,false,true,3,0,9,3,2,2,93395
2367613,8,true,true,76,2023-10-07T14:00:00.000000000+0000,90,false,true,17,1,10,3,2,3,93396
2367615,8,true,true,78,2023-10-07T14:00:00.000000000+0000,90,false,true,4,1,14,2,2,4,93398
2367611,8,true,true,74,2023-10-07T16:30:00.000000000+0000,90,false,true,16,0,8,0,2,2,93394
2367609,8,true,true,72,2023-10-08T13:00:00.000000000+0000,90,false,true,11,2,5,2,4,3,93392
2367616,8,true,true,79,2023-10-08T13:00:00.000000000+0000,90,false,true,15,2,19,2,3,3,93399
2367617,8,true,true,80,2023-10-08T13:00:00.000000000+0000,90,false,true,2,1,20,1,3,2,93400
2367608,8,true,true,71,2023-10-08T15:30:00.000000000+0000,90,false,true,13,0,1,1,5,5,93391
2367622,9,true,true,85,2023-10-21T11:30:00.000000000+0000,90,false,true,9,0,11,2,2,5,93405
2367618,9,true,true,82,2023-10-21T14:00:00.000000000+0000,90,false,true,20,2,3,1,2,2,93402
2367620,9,true,true,83,2023-10-21T14:00:00.000000000+0000,90,false,true,6,0,4,3,2,2,93403
2367623,9,true,true,86,2023-10-21T14:00:00.000000000+0000,90,false,true,5,1,13,2,2,5,93406
2367624,9,true,true,87,2023-10-21T14:00:00.000000000+0000,90,false,true,8,0,15,4,2,4,93407
2367625,9,true,true,88,2023-10-21T14:00:00.000000000+0000,90,false,true,12,2,16,2,2,2,93408
2367621,9,true,true,84,2023-10-21T16:30:00.000000000+0000,90,false,true,1,2,7,2,5,3,93404
2367626,9,true,true,89,2023-10-21T19:00:00.000000000+0000,90,false,true,14,2,17,1,3,2,93409
2367619,9,true,true,81,2023-10-22T15:30:00.000000000+0000,90,false,true,19,1,2,4,2,4,93401
2367627,9,true,true,90,2023-10-23T19:00:00.000000000+0000,90,false,true,10,0,18,2,2,4,93410
2367633,10,true,true,96,2023-10-27T19:00:00.000000000+0000,90,false,true,18,2,8,1,3,2,93416
2367632,10,true,true,95,2023-10-28T11:30:00.000000000+0000,90,false,true,4,2,7,0,2,3,93415
2367629,10,true,true,91,2023-10-28T14:00:00.000000000+0000,90,false,true,17,0,1,5,2,5,93411
2367628,10,true,true,93,2023-10-28T14:00:00.000000000+0000,90,false,true,6,1,3,2,2,2,93413
2367637,10,true,true,100,2023-10-28T16:30:00.000000000+0000,90,false,true,15,2,20,2,3,2,93420
2367636,10,true,true,99,2023-10-29T13:00:00.000000000+0000,90,false,true,9,1,19,0,2,3,93419
2367630,10,true,true,92,2023-10-29T14:00:00.000000000+0000,90,false,true,12,1,2,3,2,4,93412
2367631,10,true,true,94,2023-10-29T14:00:00.000000000+0000,90,false,true,10,1,5,1,2,3,93414
2367634,10,true,true,97,2023-10-29T14:00:00.000000000+0000,90,false,true,16,0,11,3,2,5,93417
2367635,10,true,true,98,2023-10-29T15:30:00.000000000+0000,90,false,true,13,3,14,0,5,4,93418
2367641,11,true,true,104,2023-11-04T12:30:00.000000000+0000,90,false,true,14,1,10,0,3,3,93424
2367638,11,true,true,101,2023-11-04T15:00:00.000000000+0000,90,false,true,19,2,4,3,2,2,93421
2367639,11,true,true,102,2023-11-04T15:00:00.000000000+0000,90,false,true,8,2,6,0,2,2,93422
2367640,11,true,true,103,2023-11-04T15:00:00.000000000+0000,90,false,true,5,1,9,1,2,2,93423
2367643,11,true,true,106,2023-11-04T15:00:00.000000000+0000,90,false,true,3,1,13,6,2,5,93426
2367646,11,true,true,109,2023-11-04T15:00:00.000000000+0000,90,false,true,20,1,17,2,2,2,93429
2367644,11,true,true,107,2023-11-04T17:30:00.000000000+0000,90,false,true,1,0,15,1,5,4,93427
2367645,11,true,true,108,2023-11-05T14:00:00.000000000+0000,90,false,true,2,0,16,2,3,2,93428
2367642,11,true,true,105,2023-11-05T16:30:00.000000000+0000,90,false,true,11,1,12,1,4,2,93425
2367647,11,true,true,110,2023-11-06T20:00:00.000000000+0000,90,false,true,7,4,18,1,3,4,93430
2367657,12,true,true,120,2023-11-11T12:30:00.000000000+0000,90,false,true,18,1,20,2,3,2,93440
2367649,12,true,true,111,2023-11-11T15:00:00.000000000+0000,90,false,true,6,1,1,3,2,5,93431
2367653,12,true,true,116,2023-11-11T15:00:00.000000000+0000,90,false,true,9,3,8,2,2,2,93436
2367655,12,true,true,118,2023-11-11T15:00:00.000000000+0000,90,false,true,12,0,14,1,2,4,93438
2367648,12,true,true,113,2023-11-11T17:30:00.000000000+0000,90,false,true,15,0,3,2,3,2,93433
2367650,12,true,true,112,2023-11-12T14:00:00.000000000+0000,90,false,true,10,1,2,3,2,4,93432
2367651,12,true,true,114,2023-11-12T14:00:00.000000000+0000,90,false,true,17,1,5,1,2,3,93434
2367654,12,true,true,117,2023-11-12T14:00:00.000000000+0000,90,false,true,4,0,11,3,2,5,93437
2367656,12,true,true,119,2023-11-12T14:00:00.000000000+0000,90,false,true,16,2,19,3,2,3,93439
2367652,12,true,true,115,2023-11-12T16:30:00.000000000+0000,90,false,true,13,4,7,4,5,3,93435
2367663,13,true,true,126,2023-11-25T12:30:00.000000000+0000,90,false,true,11,1,13,1,4,5,93446
2367659,13,true,true,122,2023-11-25T15:00:00.000000000+0000,90,false,true,19,2,6,1,2,2,93442
2367662,13,true,true,125,2023-11-25T15:00:00.000000000+0000,90,false,true,8,1,12,2,2,2,93445
2367664,13,true,true,127,2023-11-25T15:00:00.000000000+0000,90,false,true,7,1,15,4,3,4,93447
2367665,13,true,true,128,2023-11-25T15:00:00.000000000+0000,90,false,true,5,3,16,2,2,2,93448
2367666,13,true,true,129,2023-11-25T15:00:00.000000000+0000,90,false,true,3,3,17,1,2,2,93449
2367658,13,true,true,121,2023-11-25T17:30:00.000000000+0000,90,false,true,1,1,4,0,5,2,93441
2367667,13,true,true,130,2023-11-26T14:00:00.000000000+0000,90,false,true,2,2,18,1,3,4,93450
2367660,13,true,true,123,2023-11-26T16:30:00.000000000+0000,90,false,true,14,3,9,0,3,2,93443
2367661,13,true,true,124,2023-11-27T20:00:00.000000000+0000,90,false,true,20,2,10,3,2,3,93444
2367669,14,true,true,131,2023-12-02T15:00:00.000000000+0000,90,false,true,20,1,1,2,2,5,93451
2367670,14,true,true,133,2023-12-02T15:00:00.000000000+0000,90,false,true,12,1,4,3,2,2,93453
2367671,14,true,true,134,2023-12-02T15:00:00.000000000+0000,90,false,true,17,0,6,5,2,2,93454
2367676,14,true,true,139,2023-12-02T17:30:00.000000000+0000,90,false,true,9,1,16,0,2,2,93459
2367675,14,true,true,138,2023-12-02T20:00:00.000000000+0000,90,false,true,14,0,15,1,3,4,93458
2367668,14,true,true,132,2023-12-03T14:00:00.000000000+0000,90,false,true,2,2,3,2,3,2,93452
2367672,14,true,true,135,2023-12-03T14:00:00.000000000+0000,90,false,true,5,2,7,3,2,3,93455
2367673,14,true,true,136,2023-12-03T14:00:00.000000000+0000,90,false,true,10,3,11,4,2,5,93456
2367677,14,true,true,140,2023-12-03T14:00:00.000000000+0000,90,false,true,8,1,19,1,2,3,93460
2367674,14,true,true,137,2023-12-03T16:30:00.000000000+0000,90,false,true,18,3,13,3,3,5,93457
2367686,15,true,true,149,2023-12-05T19:30:00.000000000+0000,90,false,true,6,0,20,1,2,2,93469
2367683,15,true,true,146,2023-12-05T20:15:00.000000000+0000,90,false,true,1,4,12,3,5,2,93466
2367679,15,true,true,142,2023-12-06T19:30:00.000000000+0000,90,false,true,4,1,5,2,2,3,93462
2367680,15,true,true,143,2023-12-06T19:30:00.000000000+0000,90,false,true,3,2,8,0,2,2,93463
2367682,15,true,true,145,2023-12-06T19:30:00.000000000+0000,90,false,true,16,0,10,5,2,3,93465
2367684,15,true,true,147,2023-12-06T19:30:00.000000000+0000,90,false,true,11,2,17,0,4,2,93467
2367678,15,true,true,141,2023-12-06T20:15:00.000000000+0000,90,false,true,13,0,2,1,5,4,93461
2367687,15,true,true,150,2023-12-06T20:15:00.000000000+0000,90,false,true,7,1,14,2,3,4,93470
2367681,15,true,true,144,2023-12-07T19:30:00.000000000+0000,90,false,true,15,0,9,3,3,2,93464
2367685,15,true,true,148,2023-12-07T20:15:00.000000000+0000,90,false,true,19,2,18,1,2,4,93468
2367690,16,true,true,153,2023-12-09T12:30:00.000000000+0000,90,false,true,11,2,8,1,4,2,93473
2367689,16,true,true,152,2023-12-09T15:00:00.000000000+0000,90,false,true,6,1,5,1,2,3,93472
2367694,16,true,true,157,2023-12-09T15:00:00.000000000+0000,90,false,true,3,3,14,0,2,4,93477
2367695,16,true,true,158,2023-12-09T15:00:00.000000000+0000,90,false,true,4,0,17,1,2,2,93478
2367697,16,true,true,160,2023-12-09T15:00:00.000000000+0000,90,false,true,16,1,20,1,2,2,93480
2367688,16,true,true,151,2023-12-09T17:30:00.000000000+0000,90,false,true,1,0,2,1,5,4,93471
2367691,16,true,true,154,2023-12-10T14:00:00.000000000+0000,90,false,true,7,0,9,2,3,2,93474
2367692,16,true,true,155,2023-12-10T14:00:00.000000000+0000,90,false,true,19,0,10,5,2,3,93475
2367693,16,true,true,156,2023-12-10T14:00:00.000000000+0000,90,false,true,13,2,12,1,5,2,93476
2367696,16,true,true,159,2023-12-10T16:30:00.000000000+0000,90,false,true,15,1,18,4,3,4,93479
2367706,17,true,true,169,2023-12-15T20:00:00.000000000+0000,90,false,true,18,2,16,0,3,2,93489
2367702,17,true,true,165,2023-12-16T15:00:00.000000000+0000,90,false,true,17,0,7,2,2,3,93485
2367704,17,true,true,167,2023-12-16T15:00:00.000000000+0000,90,false,true,8,2,13,2,2,5,93487
2367705,17,true,true,168,2023-12-16T15:00:00.000000000+0000,90,false,true,10,0,15,3,2,4,93488
2367701,17,true,true,164,2023-12-16T17:30:00.000000000+0000,90,false,true,9,2,6,0,2,2,93484
2367699,17,true,true,161,2023-12-17T14:00:00.000000000+0000,90,false,true,5,0,1,2,2,5,93481
2367700,17,true,true,163,2023-12-17T14:00:00.000000000+0000,90,false,true,2,2,4,1,3,2,93483
2367707,17,true,true,170,2023-12-17T14:00:00.000000000+0000,90,false,true,20,0,19,3,2,3,93490
2367703,17,true,true,166,2023-12-17T16:30:00.000000000+0000,90,false,true,14,0,11,0,3,5,93486
2367709,18,true,true,172,2023-12-21T20:00:00.000000000+0000,90,false,true,5,1,8,1,2,2,93492
2367708,18,true,true,171,2023-12-22T20:00:00.000000000+0000,90,false,true,17,1,2,1,2,4,93491
2367716,18,true,true,179,2023-12-23T12:30:00.000000000+0000,90,false,true,14,0,19,2,3,3,93499
2367710,18,true,true,173,2023-12-23T15:00:00.000000000+0000,90,false,true,6,2,10,0,2,3,93493
2367712,18,true,true,175,2023-12-23T15:00:00.000000000+0000,90,false,true,15,0,12,1,3,2,93495
2367714,18,true,true,177,2023-12-23T15:00:00.000000000+0000,90,false,true,3,3,16,2,2,2,93497
2367715,18,true,true,178,2023-12-23T15:00:00.000000000+0000,90,false,true,9,1,18,2,2,4,93498
2367711,18,true,true,174,2023-12-23T17:30:00.000000000+0000,90,false,true,1,1,11,1,5,5,93494
2367717,18,true,true,180,2023-12-24T13:00:00.000000000+0000,90,false,true,7,1,20,2,3,2,93500
2367726,19,true,true,189,2023-12-26T12:30:00.000000000+0000,90,false,true,16,3,15,1,2,4,93509
2367718,19,true,true,182,2023-12-26T15:00:00.000000000+0000,90,false,true,10,0,3,3,2,2,93502
2367727,19,true,true,190,2023-12-26T15:00:00.000000000+0000,90,false,true,12,3,17,2,2,2,93510
2367722,19,true,true,185,2023-12-26T17:30:00.000000000+0000,90,false,true,11,2,6,0,4,2,93505
2367725,19,true,true,188,2023-12-26T20:00:00.000000000+0000,90,false,true,2,2,14,3,3,4,93508
2367720,19,true,true,183,2023-12-27T19:30:00.000000000+0000,90,false,true,20,4,4,1,2,2,93503
2367723,19,true,true,186,2023-12-27T19:30:00.000000000+0000,90,false,true,8,1,7,2,2,3,93506
2367724,19,true,true,187,2023-12-27T20:15:00.000000000+0000,90,false,true,13,3,9,1,5,2,93507
2367721,19,true,true,184,2023-12-28T19:30:00.000000000+0000,90,false,true,18,2,5,4,3,3,93504
2367719,19,true,true,181,2023-12-28T20:15:00.000000000+0000,90,false,true,19,2,1,0,2,5,93501
2367732,20,true,true,195,2023-12-30T12:30:00.000000000+0000,90,false,true,7,3,12,2,3,2,93515
2367728,20,true,true,191,2023-12-30T15:00:00.000000000+0000,90,false,true,6,2,2,3,2,4,93511
2367729,20,true,true,192,2023-12-30T15:00:00.000000000+0000,90,false,true,4,1,8,3,2,2,93512
2367733,20,true,true,196,2023-12-30T15:00:00.000000000+0000,90,false,true,17,0,13,2,2,5,93516
2367737,20,true,true,200,2023-12-30T15:00:00.000000000+0000,90,false,true,9,0,20,3,2,2,93520
2367734,20,true,true,197,2023-12-30T17:30:00.000000000+0000,90,false,true,14,1,16,2,3,2,93517
2367730,20,true,true,193,2023-12-31T14:00:00.000000000+0000,90,false,true,1,1,10,2,5,3,93513
2367735,20,true,true,198,2023-12-31T14:00:00.000000000+0000,90,false,true,3,1,18,3,2,4,93518
2367731,20,true,true,194,2024-01-01T20:00:00.000000000+0000,90,false,true,15,2,11,4,3,5,93514
2367736,20,true,true,199,2024-01-02T19:30:00.000000000+0000,90,false,true,5,0,19,0,2,3,93519
2367742,21,true,true,205,2024-01-12T19:45:00.000000000+0000,90,false,true,12,1,6,1,2,2,93525
2367743,21,true,true,206,2024-01-13T12:30:00.000000000+0000,90,false,true,10,0,7,1,2,3,93526
2367746,21,true,true,209,2024-01-13T17:30:00.000000000+0000,90,false,true,13,3,15,2,5,4,93529
2367744,21,true,true,207,2024-01-14T14:00:00.000000000+0000,90,false,true,2,0,9,0,3,2,93527
2367745,21,true,true,208,2024-01-14T16:30:00.000000000+0000,90,false,true,18,2,14,2,3,4,93528
2367739,21,true,true,201,2024-01-20T12:30:00.000000000+0000,90,false,true,8,0,1,5,2,5,93521
2367740,21,true,true,203,2024-01-20T17:30:00.000000000+0000,90,false,true,16,2,4,3,2,2,93523
2367747,21,true,true,210,2024-01-21T14:00:00.000000000+0000,90,false,true,19,2,17,2,2,2,93530
2367738,21,true,true,202,2024-01-21T16:30:00.000000000+0000,90,false,true,11,4,3,0,4,2,93522
2367741,21,true,true,204,2024-01-22T19:45:00.000000000+0000,90,false,true,20,0,5,0,2,3,93524
2367752,22,true,true,215,2024-01-30T19:30:00.000000000+0000,90,false,true,1,2,16,1,5,2,93535
2367750,22,true,true,213,2024-01-30T19:45:00.000000000+0000,90,false,true,9,0,10,0,2,3,93533
2367751,22,true,true,214,2024-01-30T19:45:00.000000000+0000,90,false,true,5,0,12,4,2,2,93534
2367749,22,true,true,212,2024-01-30T20:00:00.000000000+0000,90,false,true,17,2,8,3,2,2,93532
2367748,22,true,true,211,2024-01-30T20:15:00.000000000+0000,90,false,true,15,3,2,1,3,4,93531
2367757,22,true,true,220,2024-01-31T19:30:00.000000000+0000,90,false,true,6,1,13,3,2,5,93540
2367753,22,true,true,216,2024-01-31T19:30:00.000000000+0000,90,false,true,4,2,18,3,2,4,93536
2367756,22,true,true,219,2024-01-31T20:15:00.000000000+0000,90,false,true,7,1,11,4,3,5,93539
2367754,22,true,true,217,2024-02-01T19:30:00.000000000+0000,90,false,true,3,1,19,1,2,3,93537
2367755,22,true,true,218,2024-02-01T20:15:00.000000000+0000,90,false,true,14,4,20,3,3,2,93538
2367764,23,true,true,227,2024-02-03T12:30:00.000000000+0000,90,false,true,18,2,9,2,3,2,93547
2367761,23,true,true,224,2024-02-03T15:00:00.000000000+0000,90,false,true,8,1,5,4,2,3,93544
2367762,23,true,true,225,2024-02-03T15:00:00.000000000+0000,90,false,true,10,2,6,2,2,2,93545
2367766,23,true,true,229,2024-02-03T15:00:00.000000000+0000,90,false,true,12,4,15,4,2,4,93549
2367767,23,true,true,230,2024-02-03T17:30:00.000000000+0000,90,false,true,2,5,17,0,3,2,93550
2367758,23,true,true,222,2024-02-04T14:00:00.000000000+0000,90,false,true,16,1,3,1,2,2,93542
2367763,23,true,true,226,2024-02-04T14:00:00.000000000+0000,90,false,true,20,4,7,2,2,3,93546
2367765,23,true,true,228,2024-02-04T14:00:00.000000000+0000,90,false,true,19,0,14,3,2,4,93548
2367759,23,true,true,221,2024-02-04T16:30:00.000000000+0000,90,false,true,11,1,1,3,4,5,93541
2367760,23,true,true,223,2024-02-05T20:00:00.000000000+0000,90,false,true,13,3,4,1,5,2,93543
2367773,24,true,true,236,2024-02-10T12:30:00.000000000+0000,90,false,true,9,0,13,2,2,5,93556
2367770,24,true,true,233,2024-02-10T15:00:00.000000000+0000,90,false,true,3,1,10,3,2,3,93553
2367771,24,true,true,234,2024-02-10T15:00:00.000000000+0000,90,false,true,6,1,11,3,2,5,93554
2367772,24,true,true,235,2024-02-10T15:00:00.000000000+0000,90,false,true,17,3,12,1,2,2,93555
2367775,24,true,true,238,2024-02-10T15:00:00.000000000+0000,90,false,true,5,1,18,2,2,4,93558
2367777,24,true,true,240,2024-02-10T15:00:00.000000000+0000,90,false,true,4,2,20,0,2,2,93560
2367774,24,true,true,237,2024-02-10T17:30:00.000000000+0000,90,false,true,15,3,16,2,3,2,93557
2367776,24,true,true,239,2024-02-11T14:00:00.000000000+0000,90,false,true,1,6,19,0,5,3,93559
2367768,24,true,true,231,2024-02-11T16:30:00.000000000+0000,90,false,true,14,2,2,1,3,4,93551
2367769,24,true,true,232,2024-02-12T20:00:00.000000000+0000,90,false,true,7,3,8,1,3,2,93552
2367778,25,true,true,241,2024-02-17T12:30:00.000000000+0000,90,false,true,11,4,4,1,4,2,93561
2367779,25,true,true,242,2024-02-17T15:00:00.000000000+0000,90,false,true,1,5,6,0,5,2,93562
2367781,25,true,true,244,2024-02-17T15:00:00.000000000+0000,90,false,true,2,2,10,1,3,3,93564
2367784,25,true,true,247,2024-02-17T15:00:00.000000000+0000,90,false,true,3,2,15,2,2,4,93567
2367785,25,true,true,248,2024-02-17T15:00:00.000000000+0000,90,false,true,19,0,16,2,2,2,93568
2367787,25,true,true,250,2024-02-17T15:00:00.000000000+0000,90,false,true,20,2,18,1,2,4,93570
2367783,25,true,true,246,2024-02-17T17:30:00.000000000+0000,90,false,true,7,1,13,1,3,5,93566
2367786,25,true,true,249,2024-02-18T14:00:00.000000000+0000,90,false,true,5,5,17,0,2,2,93569
2367782,25,true,true,245,2024-02-18T16:30:00.000000000+0000,90,false,true,14,2,12,1,3,2,93565
2367780,25,true,true,243,2024-02-19T20:00:00.000000000+0000,90,false,true,8,1,9,1,2,2,93563
2367713,25,true,true,176,2024-02-20T19:30:00.000000000+0000,90,false,true,4,0,13,1,2,5,93496
2367794,25,true,true,257,2024-02-21T19:30:00.000000000+0000,90,false,true,12,1,11,4,2,5,93577
2367790,26,true,true,252,2024-02-24T15:00:00.000000000+0000,90,false,true,16,2,2,4,2,4,93572
2367791,26,true,true,254,2024-02-24T15:00:00.000000000+0000,90,false,true,9,1,5,1,2,3,93574
2367793,26,true,true,256,2024-02-24T15:00:00.000000000+0000,90,false,true,6,0,8,3,2,2,93576
2367795,26,true,true,258,2024-02-24T15:00:00.000000000+0000,90,false,true,10,2,14,1,2,4,93578
2367788,26,true,true,253,2024-02-24T17:30:00.000000000+0000,90,false,true,13,1,3,0,5,2,93573
2367789,26,true,true,251,2024-02-24T20:00:00.000000000+0000,90,false,true,15,1,1,4,3,5,93571
2367797,26,true,true,260,2024-02-25T13:30:00.000000000+0000,90,false,true,17,0,20,1,2,2,93580
2367796,26,true,true,259,2024-02-26T20:00:00.000000000+0000,90,false,true,4,2,19,4,2,3,93579
2367798,27,true,true,261,2024-03-02T15:00:00.000000000+0000,90,false,true,7,2,4,2,3,2,93581
2367800,27,true,true,263,2024-03-02T15:00:00.000000000+0000,90,false,true,19,3,9,1,2,2,93583
2367801,27,true,true,264,2024-03-02T15:00:00.000000000+0000,90,false,true,5,0,10,3,2,3,93584
2367804,27,true,true,267,2024-03-02T15:00:00.000000000+0000,90,false,true,20,0,15,3,2,4,93587
2367805,27,true,true,268,2024-03-02T15:00:00.000000000+0000,90,false,true,11,1,16,0,4,2,93588
2367807,27,true,true,270,2024-03-02T15:00:00.000000000+0000,90,false,true,8,1,18,3,2,4,93590
2367802,27,true,true,265,2024-03-02T17:30:00.000000000+0000,90,false,true,2,3,12,2,3,2,93585
2367799,27,true,true,262,2024-03-03T13:00:00.000000000+0000,90,false,true,3,2,6,0,2,2,93582
2367803,27,true,true,266,2024-03-03T15:30:00.000000000+0000,90,false,true,14,1,13,3,3,5,93586
2367806,27,true,true,269,2024-03-04T20:00:00.000000000+0000,90,false,true,1,6,17,0,5,2,93589
2367815,28,true,true,278,2024-03-09T12:30:00.000000000+0000,90,false,true,9,0,14,2,2,4,93598
2367808,28,true,true,273,2024-03-09T15:00:00.000000000+0000,90,false,true,17,2,3,2,2,2,93593
2367813,28,true,true,276,2024-03-09T15:00:00.000000000+0000,90,false,true,12,1,8,1,2,2,93596
2367817,28,true,true,280,2024-03-09T15:00:00.000000000+0000,90,false,true,10,1,20,2,2,2,93600
2367809,28,true,true,271,2024-03-09T17:30:00.000000000+0000,90,false,true,4,1,1,2,2,5,93591
2367810,28,true,true,272,2024-03-10T13:00:00.000000000+0000,90,false,true,18,4,2,0,3,4,93592
2367811,28,true,true,274,2024-03-10T14:00:00.000000000+0000,90,false,true,16,0,5,1,2,3,93594
2367816,28,true,true,279,2024-03-10T14:00:00.000000000+0000,90,false,true,6,2,19,2,2,3,93599
2367814,28,true,true,277,2024-03-10T15:45:00.000000000+0000,90,false,true,13,1,11,1,5,5,93597
2367812,28,true,true,275,2024-03-11T20:00:00.000000000+0000,90,false,true,15,2,7,3,3,3,93595
2367698,28,true,true,162,2024-03-13T19:30:00.000000000+0000,90,false,true,12,3,3,4,2,2,93482
2367820,29,true,true,283,2024-03-16T15:00:00.000000000+0000,90,false,true,4,1,6,2,2,2,93603
2367824,29,true,true,287,2024-03-16T15:00:00.000000000+0000,90,false,true,16,1,12,1,2,2,93607
2367823,29,true,true,286,2024-03-16T17:30:00.000000000+0000,90,false,true,18,0,10,3,3,3,93606
2367826,29,true,true,289,2024-03-17T14:00:00.000000000+0000,90,false,true,2,1,19,1,3,3,93609
2367834,30,true,true,297,2024-03-30T12:30:00.000000000+0000,90,false,true,19,3,15,4,2,4,93617
2367828,30,true,true,292,2024-03-30T15:00:00.000000000+0000,90,false,true,9,1,3,2,2,2,93612
2367831,30,true,true,294,2024-03-30T15:00:00.000000000+0000,90,false,true,6,2,7,2,2,3,93614
2367835,30,true,true,298,2024-03-30T15:00:00.000000000+0000,90,false,true,8,1,16,1,2,2,93618
2367836,30,true,true,299,2024-03-30T15:00:00.000000000+0000,90,false,true,10,3,17,3,2,2,93619
2367837,30,true,true,300,2024-03-30T15:00:00.000000000+0000,90,false,true,12,1,18,2,2,4,93620
2367829,30,true,true,291,2024-03-30T17:30:00.000000000+0000,90,false,true,20,0,2,2,2,4,93611
2367830,30,true,true,293,2024-03-30T20:00:00.000000000+0000,90,false,true,14,1,4,1,3,2,93613
2367832,30,true,true,295,2024-03-31T13:00:00.000000000+0000,90,false,true,5,1,11,2,2,5,93615
2367833,30,true,true,296,2024-03-31T15:30:00.000000000+0000,90,false,true,1,0,13,0,5,5,93616
2367847,31,true,true,310,2024-04-02T18:30:00.000000000+0000,90,false,true,9,1,15,1,2,4,93630
2367842,31,true,true,305,2024-04-02T18:30:00.000000000+0000,90,false,true,10,1,16,3,2,2,93625
2367838,31,true,true,302,2024-04-02T18:45:00.000000000+0000,90,false,true,8,0,3,1,2,2,93622
2367841,31,true,true,304,2024-04-02T18:45:00.000000000+0000,90,false,true,20,1,6,1,2,2,93624
2367843,31,true,true,306,2024-04-02T19:15:00.000000000+0000,90,false,true,18,1,19,1,3,3,93626
2367839,31,true,true,301,2024-04-03T18:30:00.000000000+0000,90,false,true,12,0,1,2,2,5,93621
2367840,31,true,true,303,2024-04-03T18:30:00.000000000+0000,90,false,true,5,0,4,0,2,2,93623
2367846,31,true,true,309,2024-04-03T19:15:00.000000000+0000,90,false,true,2,1,13,4,3,5,93629
2367845,31,true,true,308,2024-04-04T18:30:00.000000000+0000,90,false,true,17,1,11,3,2,5,93628
2367844,31,true,true,307,2024-04-04T19:15:00.000000000+0000,90,false,true,14,3,7,4,3,3,93627
2367850,32,true,true,313,2024-04-06T11:30:00.000000000+0000,90,false,true,13,4,8,2,5,2,93633
2367848,32,true,true,311,2024-04-06T14:00:00.000000000+0000,90,false,true,4,3,2,3,2,4,93631
2367851,32,true,true,314,2024-04-06T14:00:00.000000000+0000,90,false,true,6,0,9,1,2,2,93634
2367852,32,true,true,315,2024-04-06T14:00:00.000000000+0000,90,false,true,15,1,10,0,3,3,93635
2367853,32,true,true,316,2024-04-06T14:00:00.000000000+0000,90,false,true,3,1,12,2,2,2,93636
2367857,32,true,true,320,2024-04-06T14:00:00.000000000+0000,90,false,true,19,2,20,1,2,2,93640
2367849,32,true,true,312,2024-04-06T16:30:00.000000000+0000,90,false,true,1,3,5,0,5,3,93632
2367854,32,true,true,317,2024-04-07T14:30:00.000000000+0000,90,false,true,11,2,14,2,4,4,93637
2367855,32,true,true,318,2024-04-07T16:30:00.000000000+0000,90,false,true,7,2,17,2,3,2,93638
2367856,32,true,true,319,2024-04-07T17:00:00.000000000+0000,90,false,true,16,1,18,3,2,4,93639
2367865,33,true,true,328,2024-04-13T11:30:00.000000000+0000,90,false,true,18,0,15,4,3,4,93648
2367860,33,true,true,323,2024-04-13T14:00:00.000000000+0000,90,false,true,17,0,4,2,2,2,93643
2367861,33,true,true,324,2024-04-13T14:00:00.000000000+0000,90,false,true,5,1,6,1,2,2,93644
2367864,33,true,true,327,2024-04-13T14:00:00.000000000+0000,90,false,true,12,1,13,5,2,5,93647
2367866,33,true,true,329,2024-04-13T14:00:00.000000000+0000,90,false,true,20,2,16,2,2,2,93649
2367858,33,true,true,322,2024-04-13T16:30:00.000000000+0000,90,false,true,14,2,3,2,3,2,93642
2367863,33,true,true,326,2024-04-14T13:00:00.000000000+0000,90,false,true,8,1,11,0,2,5,93646
2367867,33,true,true,330,2024-04-14T13:00:00.000000000+0000,90,false,true,10,2,19,0,2,3,93650
2367859,33,true,true,321,2024-04-14T15:30:00.000000000+0000,90,false,true,2,2,1,0,3,5,93641
2367862,33,true,true,325,2024-04-15T19:00:00.000000000+0000,90,false,true,9,0,7,6,2,3,93645
2367873,34,true,true,336,2024-04-20T14:00:00.000000000+0000,90,false,true,4,5,12,1,2,2,93656
2367875,34,true,true,338,2024-04-20T14:00:00.000000000+0000,90,false,true,6,4,17,1,2,2,93658
2367877,34,true,true,340,2024-04-20T18:30:00.000000000+0000,90,false,true,1,2,20,0,5,2,93660
2367871,34,true,true,334,2024-04-21T12:30:00.000000000+0000,90,false,true,16,0,9,2,2,2,93654
2367868,34,true,true,331,2024-04-21T14:00:00.000000000+0000,90,false,true,3,1,2,3,2,4,93651
2367870,34,true,true,333,2024-04-21T14:00:00.000000000+0000,90,false,true,19,2,8,5,2,2,93653
2367872,34,true,true,335,2024-04-21T15:30:00.000000000+0000,90,false,true,11,3,10,1,4,3,93655
2367818,34,true,true,281,2024-04-23T19:00:00.000000000+0000,90,false,true,7,0,1,5,3,5,93601
2367827,34,true,true,290,2024-04-24T18:45:00.000000000+0000,90,false,true,3,1,20,0,2,2,93610
2367821,34,true,true,284,2024-04-24T19:00:00.000000000+0000,90,false,true,15,0,8,2,3,2,93604
2367822,34,true,true,285,2024-04-24T19:00:00.000000000+0000,90,false,true,11,0,9,2,4,2,93605
2367825,34,true,true,288,2024-04-24T19:00:00.000000000+0000,90,false,true,17,2,14,4,2,4,93608
2367819,34,true,true,282,2024-04-25T19:00:00.000000000+0000,90,false,true,13,4,5,0,5,3,93602
2367886,35,true,true,349,2024-04-27T11:30:00.000000000+0000,90,false,true,11,2,19,2,4,3,93669
2367881,35,true,true,344,2024-04-27T14:00:00.000000000+0000,90,false,true,8,1,10,1,2,3,93664
2367882,35,true,true,345,2024-04-27T14:00:00.000000000+0000,90,false,true,6,1,14,1,2,4,93665
2367883,35,true,true,346,2024-04-27T14:00:00.000000000+0000,90,false,true,17,1,15,5,2,4,93666
2367887,35,true,true,350,2024-04-27T14:00:00.000000000+0000,90,false,true,12,1,20,2,2,2,93670
2367880,35,true,true,343,2024-04-27T16:30:00.000000000+0000,90,false,true,4,0,9,1,2,2,93663
2367879,35,true,true,341,2024-04-27T19:00:00.000000000+0000,90,false,true,7,2,2,2,3,4,93661
2367878,35,true,true,342,2024-04-28T13:00:00.000000000+0000,90,false,true,5,0,3,3,2,2,93662
2367885,35,true,true,348,2024-04-28T13:00:00.000000000+0000,90,false,true,1,3,18,2,5,4,93668
2367884,35,true,true,347,2024-04-28T15:30:00.000000000+0000,90,false,true,13,2,16,0,5,2,93667
2367792,35,true,true,255,2024-05-02T18:30:00.000000000+0000,90,false,true,18,0,7,2,3,3,93575
2367895,36,true,true,358,2024-05-03T19:00:00.000000000+0000,90,false,true,9,1,12,1,2,2,93678
2367888,36,true,true,351,2024-05-04T11:30:00.000000000+0000,90,false,true,3,0,1,3,2,5,93671
2367889,36,true,true,352,2024-05-04T14:00:00.000000000+0000,90,false,true,10,0,4,0,2,2,93672
2367891,36,true,true,354,2024-05-04T14:00:00.000000000+0000,90,false,true,15,4,6,1,3,2,93674
2367897,36,true,true,360,2024-05-04T14:00:00.000000000+0000,90,false,true,16,3,17,1,2,2,93680
2367896,36,true,true,359,2024-05-04T16:30:00.000000000+0000,90,false,true,20,1,13,5,2,5,93679
2367890,36,true,true,353,2024-05-05T13:00:00.000000000+0000,90,false,true,2,0,5,1,3,3,93673
2367892,36,true,true,355,2024-05-05T13:00:00.000000000+0000,90,false,true,19,0,7,5,2,3,93675
2367894,36,true,true,357,2024-05-05T15:30:00.000000000+0000,90,false,true,18,2,11,4,3,5,93677
2367893,36,true,true,356,2024-05-06T19:00:00.000000000+0000,90,false,true,14,0,8,4,3,2,93676
2367901,37,true,true,364,2024-05-11T11:30:00.000000000+0000,90,false,true,13,4,10,0,5,3,93684
2367898,37,true,true,362,2024-05-11T14:00:00.000000000+0000,90,false,true,4,2,3,1,2,2,93682
2367900,37,true,true,363,2024-05-11T14:00:00.000000000+0000,90,false,true,17,0,9,1,2,2,93683
2367903,37,true,true,366,2024-05-11T14:00:00.000000000+0000,90,false,true,5,1,15,1,2,4,93686
2367905,37,true,true,368,2024-05-11T14:00:00.000000000+0000,90,false,true,6,1,18,2,2,4,93688
2367906,37,true,true,369,2024-05-11T14:00:00.000000000+0000,90,false,true,12,1,19,3,2,3,93689
2367907,37,true,true,370,2024-05-11T14:00:00.000000000+0000,90,false,true,8,3,20,1,2,2,93690
2367904,37,true,true,367,2024-05-11T16:30:00.000000000+0000,90,false,true,7,3,16,2,3,2,93687
2367902,37,true,true,365,2024-05-12T15:30:00.000000000+0000,90,false,true,1,1,14,0,5,4,93685
2367899,37,true,true,361,2024-05-13T19:00:00.000000000+0000,90,false,true,11,3,2,3,4,4,93681
2367876,37,true,true,339,2024-05-14T19:00:00.000000000+0000,90,false,true,13,2,18,0,5,4,93659
2367869,37,true,true,332,2024-05-15T18:45:00.000000000+0000,90,false,true,7,2,5,1,3,3,93652
2367874,37,true,true,337,2024-05-15T19:00:00.000000000+0000,90,false,true,15,2,14,3,3,4,93657
2367908,38,true,true,371,2024-05-19T15:00:00.000000000+0000,90,false,true,9,1,1,2,2,5,93691
2367909,38,true,true,372,2024-05-19T15:00:00.000000000+0000,90,false,true,15,4,4,2,3,2,93692
2367910,38,true,true,373,2024-05-19T15:00:00.000000000+0000,90,false,true,14,2,5,0,3,3,93693
2367911,38,true,true,374,2024-05-19T15:00:00.000000000+0000,90,false,true,16,2,6,1,2,2,93694
2367912,38,true,true,375,2024-05-19T15:00:00.000000000+0000,90,false,true,3,1,7,2,2,3,93695
2367913,38,true,true,376,2024-05-19T15:00:00.000000000+0000,90,false,true,2,0,8,5,3,2,93696
2367914,38,true,true,377,2024-05-19T15:00:00.000000000+0000,90,false,true,20,0,11,2,2,5,93697
2367915,38,true,true,378,2024-05-19T15:00:00.000000000+0000,90,false,true,10,4,12,2,2,2,93698
2367916,38,true,true,379,2024-05-19T15:00:00.000000000+0000,90,false,true,19,1,13,3,2,5,93699
2367917,38,true,true,380,2024-05-19T15:00:00.000000000+0000,90,false,true,18,3,17,0,3,2,93700
